{
    "name": "XP Power plc",
    "ticker": "XPP.L",
    "sector": "Electronics",
    "currency": {
        "accounts": "GBP",
        "dividend": "GBP",
        "share": "GBP"
    },
    "realisable": {
        "receivables": 0.8,
        "stock": 0.5,
        "tangible_assets": 0.0
    },
    "lease_factor": {
        "asset": 7.0,
        "ebit": 0.07
    },
    "ann_data": [
        {
            "year": "2007",
            "revenue": 28000000,
            "ebit": 6700000,
            "norm_ebit": 6700000,
            "total_assets": 67000000,
            "tangible_assets": 2400000,
            "cash": 3600000,
            "trade_debtors": 11400000,
            "stock": 10500000,
            "trade_creditors": 8000000,
            "short_term_loans": 2700000,
            "curr_liab": 13200000,
            "long_term_loans": 20300000,
            "long_term_liab": 24000000,
            "op_cash_flow": 6900000,
            "depreciation": 1100000,
            "tax_paid": 1400000,
            "capex": 2300000,
            "int_rcvd": 0,
            "divs_rcvd": 0,
            "int_paid": 1500000,
            "divs_paid_mnrty": 0,
            "div_ps": 0.19,
            "shares": 18946000,
            "norm_eps": 0.178,
            "rental": 1100000,
            "pension_deficit": 0
        },
        {
            "year": "2008",
            "revenue": 69300000,
            "ebit": 9300000,
            "norm_ebit": 9300000,
            "total_assets": 78900000,
            "tangible_assets": 6700000,
            "cash": 3400000,
            "trade_debtors": 12100000,
            "stock": 17500000,
            "trade_creditors": 12300000,
            "short_term_loans": 7300000,
            "curr_liab": 22700000,
            "long_term_loans": 23900000,
            "long_term_liab": 27200000,
            "op_cash_flow": 8500000,
            "depreciation": 1600000,
            "tax_paid": 1000000,
            "capex": 5600000,
            "int_rcvd": 100000,
            "divs_rcvd": 0,
            "int_paid": 1600000,
            "divs_paid_mnrty": 200000,
            "div_ps": 0.21,
            "shares": 18975000,
            "norm_eps": 0.464,
            "rental": 1500000,
            "pension_deficit": 0
        },
        {
            "year": "2009",
            "revenue": 67300000,
            "ebit": 9600000,
            "norm_ebit": 9600000,
            "total_assets": 72500000,
            "tangible_assets": 7100000,
            "curr_liab": 15800000,
            "long_term_liab": 24200000,
            "cash": 4000000,
            "stock": 10700000,
            "trade_debtors": 11000000,
            "trade_creditors": 9100000,
            "long_term_loans": 18800000,
            "short_term_loans": 3900000,
            "op_cash_flow": 16300000,
            "depreciation": 1600000,
            "tax_paid": 500000,
            "capex": 3200000,
            "divs_rcvd": 0,
            "divs_paid_mnrty": 100000,
            "int_paid": 1100000,
            "int_rcvd": 0,
            "norm_eps": 0.393,
            "shares": 18788000,
            "div_ps": 0.21,
            "rental": 1200000,
            "pension_deficit": 0
        },
        {
            "year": "2010",
            "revenue": 91800000,
            "ebit": 19700000,
            "norm_ebit": 19700000,
            "total_assets": 90800000,
            "tangible_assets": 8300000,
            "curr_liab": 32000000,
            "long_term_liab": 16000000,
            "cash": 5000000,
            "stock": 21000000,
            "trade_debtors": 15600000,
            "trade_creditors": 15500000,
            "short_term_loans": 12700000,
            "long_term_loans": 10700000,
            "rental": 1100000,
            "op_cash_flow": 10300000,
            "divs_rcvd": 0,
            "tax_paid": 2300000,
            "capex": 3800000,
            "divs_paid_mnrty": 300000,
            "int_paid": 900000,
            "int_rcvd": 0,
            "depreciation": 1900000,
            "shares": 19000000,
            "norm_eps": 0.832,
            "div_ps": 0.25,
            "pension_deficit": 0
        },
        {
            "year": "2011",
            "revenue": 103600000,
            "ebit": 25300000,
            "norm_ebit": 25300000,
            "total_assets": 99600000,
            "tangible_assets": 12900000,
            "cash": 6300000,
            "curr_liab": 28200000,
            "long_term_liab": 15600000,
            "stock": 22000000,
            "trade_debtors": 16000000,
            "trade_creditors": 11400000,
            "short_term_loans": 13400000,
            "long_term_loans": 11500000,
            "rental": 1100000,
            "op_cash_flow": 16000000,
            "divs_rcvd": 0,
            "tax_paid": 5000000,
            "capex": 7800000,
            "divs_paid_mnrty": 400000,
            "int_paid": 800000,
            "int_rcvd": 0,
            "depreciation": 2200000,
            "shares": 19084000,
            "norm_eps": 1.064,
            "div_ps": 0.39,
            "pension_deficit": 0
        },
        {
            "year": "2012",
            "revenue": 93900000,
            "ebit": 21000000,
            "norm_ebit": 21000000,
            "total_assets": 92100000,
            "tangible_assets": 13200000,
            "cash": 4100000,
            "curr_liab": 20200000,
            "long_term_liab": 10600000,
            "short_term_loans": 7300000,
            "long_term_loans": 7400000,
            "stock": 19800000,
            "trade_debtors": 14200000,
            "trade_creditors": 11100000,
            "rental": 1100000,
            "op_cash_flow": 23600000,
            "divs_rcvd": 0,
            "tax_paid": 4300000,
            "capex": 4700000,
            "divs_paid_mnrty": 200000,
            "int_paid": 500000,
            "int_rcvd": 0,
            "depreciation": 2300000,
            "shares": 19054000,
            "norm_eps": 0.813,
            "div_ps": 0.47,
            "pension_deficit": 0
        },
        {
            "year": "2013",
            "revenue": 101100000,
            "ebit": 23300000,
            "norm_ebit": 23300000,
            "total_assets": 95500000,
            "tangible_assets": 12700000,
            "cash": 5000000,
            "curr_liab": 22400000,
            "long_term_liab": 3700000,
            "short_term_loans": 8500000,
            "long_term_loans": 0,
            "rental": 1000000,
            "op_cash_flow": 20200000,
            "divs_rcvd": 0,
            "tax_paid": 5000000,
            "capex": 3200000,
            "divs_paid_mnrty": 200000,
            "int_paid": 300000,
            "int_rcvd": 0,
            "depreciation": 2700000,
            "stock": 20400000,
            "trade_debtors": 15400000,
            "trade_creditors": 12700000,
            "shares": 19147000,
            "norm_eps": 0.951,
            "div_ps": 0.52,
            "pension_deficit": 0
        },
        {
            "year": "2014",
            "revenue": 101100000,
            "ebit": 24500000,
            "norm_ebit": 24500000,
            "total_assets": 103100000,
            "tangible_assets": 14400000,
            "cash": 3800000,
            "curr_liab": 18600000,
            "long_term_liab": 4200000,
            "short_term_loans": 2500000,
            "long_term_loans": 0,
            "rental": 1300000,
            "op_cash_flow": 21800000,
            "divs_rcvd": 0,
            "tax_paid": 3600000,
            "capex": 5800000,
            "divs_paid_mnrty": 200000,
            "int_paid": 200000,
            "int_rcvd": 0,
            "depreciation": 3100000,
            "stock": 25200000,
            "trade_debtors": 16000000,
            "trade_creditors": 14400000,
            "shares": 19194000,
            "norm_eps": 1.011,
            "div_ps": 0.52,
            "pension_deficit": 0
        },
        {
            "year": "2015",
            "revenue": 109700000,
            "ebit": 25600000,
            "norm_ebit": 25600000,
            "total_assets": 118900000,
            "tangible_assets": 16100000,
            "cash": 4900000,
            "curr_liab": 19800000,
            "long_term_liab": 10000000,
            "short_term_loans": 4000000,
            "long_term_loans": 4600000,
            "rental": 1300000,
            "op_cash_flow": 21000000,
            "divs_rcvd": 0,
            "tax_paid": 4700000,
            "capex": 5400000,
            "divs_paid_mnrty": 200000,
            "int_paid": 100000,
            "int_rcvd": 0,
            "depreciation": 3800000,
            "stock": 28700000,
            "trade_debtors": 17500000,
            "trade_creditors": 14600000,
            "shares": 18997000,
            "norm_eps": 1.028,
            "div_ps": 0.57,
            "pension_deficit": 0
        },
        {
            "year": "2016",
            "revenue": 129800000,
            "ebit": 28000000,
            "norm_ebit": 28000000,
            "total_assets": 138900000,
            "tangible_assets": 19100000,
            "cash": 9200000,
            "curr_liab": 25800000,
            "long_term_liab": 6200000,
            "short_term_loans": 5500000,
            "long_term_loans": 0,
            "rental": 1600000,
            "op_cash_flow": 32000000,
            "divs_rcvd": 0,
            "tax_paid": 4100000,
            "capex": 6800000,
            "divs_paid_mnrty": 200000,
            "int_paid": 200000,
            "int_rcvd": 0,
            "depreciation": 4600000,
            "stock": 32200000,
            "trade_debtors": 21500000,
            "trade_creditors": 16100000,
            "shares": 19015000,
            "norm_eps": 1.153,
            "div_ps": 0.68,
            "pension_deficit": 0
        },
        {
            "year": "2017",
            "revenue": 166800000,
            "ebit": 32500000,
            "norm_ebit": 32500000,
            "total_assets": 171600000,
            "tangible_assets": 22500000,
            "cash": 15000000,
            "curr_liab": 25100000,
            "long_term_liab": 29600000,
            "short_term_loans": 200000,
            "long_term_loans": 24000000,
            "rental": 1600000,
            "op_cash_flow": 35800000,
            "divs_rcvd": 0,
            "tax_paid": 800000,
            "capex": 10100000,
            "divs_paid_mnrty": 200000,
            "int_paid": 300000,
            "int_rcvd": 0,
            "depreciation": 5900000,
            "stock": 37800000,
            "trade_debtors": 23800000,
            "trade_creditors": 21400000,
            "shares": 19388000,
            "norm_eps": 1.46,
            "div_ps": 0.73,
            "pension_deficit": 0
        }
    ]
}